[
  {
    "line": 1,
    "elements": [
      {
        "line": 3,
        "name": "",
        "description": "",
        "id": ";",
        "type": "scenario",
        "keyword": "Scenario",
        "steps": [
          {
            "result": {
              "duration": 335700379,
              "status": "passed"
            },
            "line": 4,
            "name": "the system knows the seat holdid is 1",
            "match": {
              "arguments": [
                {
                  "val": "1",
                  "offset": 36
                }
              ],
              "location": "seatReserveSteps.theSystemKnowsTheSeatHoldidIs(int)"
            },
            "keyword": "Given "
          },
          {
            "result": {
              "duration": 4553510,
              "status": "passed"
            },
            "line": 5,
            "name": "the system knows the customer email as \"svittal@abc.com\"",
            "match": {
              "arguments": [
                {
                  "val": "svittal@abc.com",
                  "offset": 40
                }
              ],
              "location": "seatReserveSteps.theSystemKnowsTheCustomerEmailAs(String)"
            },
            "keyword": "And "
          },
          {
            "result": {
              "duration": 7959270,
              "status": "passed"
            },
            "line": 6,
            "name": "customer calls /GET /reserveSeat",
            "match": {
              "location": "seatReserveSteps.customer_calls_GET_reserveSeat()"
            },
            "keyword": "When "
          },
          {
            "result": {
              "duration": 11229371,
              "status": "passed"
            },
            "line": 7,
            "name": "the system returns reservation confirmation id",
            "match": {
              "location": "seatReserveSteps.theSystemReturnsReservationConfirmationIdAs()"
            },
            "keyword": "Then "
          }
        ]
      }
    ],
    "name": "",
    "description": "  Seat Reserve",
    "id": "",
    "keyword": "Feature",
    "uri": "src/test/features/ticketsystem/seatReserve.feature"
  }
]